﻿SampleID,TotalAntiFungal,Propor_TotalAntiFungal,Site,SVL,Tail_Length,Tail_Dropped,Total_Length,Repeat,Roommate(s),Baby_Roommates,Days_Diff,Notes,Year,Date,Sample_Type,Crevice_Count,Pop_Abundance,Outcrop_Size,Pop_Density,Sequencing_Run,Bd,AntiFungal_Richness
1251-1M,397,0.0794,1251,5.1,NA,0,NA,0,1,0,NA,roommate with 1251-4,2023,22-Nov,Salamander,NA,NA,NA,NA,NA,NA,21
1251-2M,564,0.1128,1251,4.4,NA,0,NA,0,0,0,NA,NA,2023,22-Nov,Salamander,NA,NA,NA,NA,NA,NA,29
1251-3M,237,0.0474,1251,3.9,NA,0,NA,0,0,0,NA,NA,2023,22-Nov,Salamander,NA,NA,NA,NA,NA,NA,10
1251-4M,680,0.136,1251,4.3,NA,0,NA,0,1,0,NA,roommate with 1251-1,2023,22-Nov,Salamander,NA,NA,NA,NA,NA,NA,18
1292-4M,1532,0.3064,1292,5.3,5.9,0,11.2,0,0,0,NA,NA,2023,10/3/23 0:00,Salamander,NA,NA,NA,NA,NA,NA,37
1477-1M,1666,0.3332,1477,4.8,NA,0,NA,0,0,0,NA,NA,2023,22-Nov,Salamander,NA,NA,NA,NA,NA,NA,17
1477-3M,2125,0.425,1477,3.5,NA,0,NA,0,0,0,NA,NA,2023,22-Nov,Salamander,NA,NA,NA,NA,NA,NA,31
51M,194,0.0388,3688,4.4,0,1,4.4,0,0,0,NA,NA,2022,26-Sep,Salamander,NA,NA,NA,NA,NA,NA,16
52M,1874,0.3748,BB,5.1,4.9,0,10,0,0,0,NA,NA,2022,4-Oct,Salamander,NA,NA,NA,NA,NA,NA,37
53M,320,0.064,BB,5.2,5.8,0,11,0,0,0,NA,"originally put in as 52, fixed on 10/10",2022,4-Oct,Salamander,NA,NA,NA,NA,NA,NA,20
54M,1734,0.3468,TR2,5.2,4.6,0,9.8,0,0,0,NA,NA,2022,6-Oct,Salamander,NA,NA,NA,NA,NA,NA,69
55M,3130,0.626,1477,5.6,5.8,0,11.4,0,0,0,NA,NA,2022,12-Oct,Salamander,NA,NA,NA,NA,NA,NA,41
BB1M,950,0.19,BB,4.1,3.4,0,7.5,0,0,0,NA,drew did this one on 10/8,2023,8-Oct,Salamander,NA,NA,NA,NA,NA,NA,35
GS1,53,0.0106,DNR,5.5,5.6,0,11.1,0,0,0,NA,NA,2021,8-Oct,Salamander,NA,NA,NA,NA,NA,NA,9
GS11,96,0.0192,3688,3.9,4.2,0,8.1,0,0,0,NA,NA,2021,12-Oct,Salamander,NA,NA,NA,NA,NA,NA,10
GS12,545,0.109,3688,5.5,5.8,0,11.3,0,1,0,NA,NA,2021,12-Oct,Salamander,NA,NA,NA,NA,NA,NA,23
GS13,535,0.107,DNR,5.5,5.4,0,10.9,0,1,1,NA,with baby as roommate,2021,12-Oct,Salamander,NA,NA,NA,NA,NA,NA,14
GS16,136,0.0272,1251,5.4,4.8,0,10.2,0,1,1,NA,with babies as roommate,2021,12-Oct,Salamander,NA,NA,NA,NA,NA,NA,18
GS17,1038,0.2076,1250,3.8,3.1,0,6.9,0,0,0,NA,"Found on rock face, not in crevice",2021,12-Oct,Salamander,NA,NA,NA,NA,NA,NA,21
GS18,568,0.1136,BB,4.9,5,0,9.9,0,0,0,NA,"On rock face, not in crevice",2021,12-Oct,Salamander,NA,NA,NA,NA,NA,NA,24
GS19,610,0.122,3688,3.4,1.6,1,5,0,0,0,NA,"Juvenile salamander, lost tail but is in process of re-growing",2021,14-Oct,Salamander,NA,NA,NA,NA,NA,NA,17
GS2,3689,0.7378,1251,3.8,4.1,0,7.9,0,1,0,NA,found with 1 other,2021,8-Oct,Salamander,NA,NA,NA,NA,NA,NA,26
GS21,2350,0.47,BB,4.9,5.2,0,10.1,0,0,0,NA,NA,2021,14-Oct,Salamander,NA,NA,NA,NA,NA,NA,28
GS22,1583,0.3166,BB,5.7,6,0,11.7,0,0,0,NA,Found in Beech tree hole with multiple slugs,2021,14-Oct,Salamander,NA,NA,NA,NA,NA,NA,55
GS23,165,0.033,DNR,3.9,4.1,0,8,0,1,0,NA,NA,2021,17-Oct,Salamander,NA,NA,NA,NA,NA,NA,10
GS24,135,0.027,1250,3.3,3.5,0,6.8,0,1,0,NA,NA,2021,17-Oct,Salamander,NA,NA,NA,NA,NA,NA,7
GS26,241,0.0482,1250,5.5,5.9,0,11.4,0,1,0,NA,Yes with GS27,2021,17-Oct,Salamander,NA,NA,NA,NA,NA,NA,5
GS3,281,0.0562,1251,5.2,5.8,0,11,0,1,0,NA,found with GS2,2021,8-Oct,Salamander,NA,NA,NA,NA,NA,NA,17
GS30,662,0.1324,BB,4.9,5.1,0,10,0,0,0,NA,Found in crevice behind moss wall,2021,21-Oct,Salamander,NA,NA,NA,NA,NA,NA,19
GS32,2594,0.5188,DNR,5.2,6.2,0,11.4,1,1,0,16,"Yes with GS33, this is GS10",2021,26-Oct,Salamander,NA,NA,NA,NA,NA,NA,31
GS33,1491,0.2982,DNR,5.6,5.8,0,11.4,0,1,0,NA,Yes with GS32,2021,26-Oct,Salamander,NA,NA,NA,NA,NA,NA,25
GS34,168,0.0336,3688,5.2,5.4,0,10.6,0,1,1,NA,with babies as roommate,2021,28-Oct,Salamander,NA,NA,NA,NA,NA,NA,12
GS35,105,0.021,1251,3,3.2,0,6.2,0,0,0,NA,NA,2021,28-Oct,Salamander,NA,NA,NA,NA,NA,NA,15
GS37,2611,0.5222,3688,3.4,4,0,7.4,0,0,0,NA,NA,2021,3-Nov,Salamander,NA,NA,NA,NA,NA,NA,34
GS4,144,0.0288,1250,4.8,0.6,1,5.4,0,0,0,NA,missing tail,2021,8-Oct,Salamander,NA,NA,NA,NA,NA,NA,15
GS40,109,0.0218,1250,5.3,4.6,0,9.9,0,0,0,NA,NA,2021,4-Nov,Salamander,NA,NA,NA,NA,NA,NA,10
GS46,1840,0.368,BB,4.6,5.6,0,10.2,0,0,0,NA,NA,2021,10-Nov,Salamander,NA,NA,NA,NA,NA,NA,40
GS47,1972,0.3944,1251,4.7,5.2,0,9.9,0,0,0,NA,Found on rock face,2021,11-Nov,Salamander,NA,NA,NA,NA,NA,NA,44
GS49,268,0.0536,HW1,6.2,6.4,0,12.6,0,0,0,NA,On rock face,2021,12-Nov,Salamander,NA,NA,NA,NA,NA,NA,18
GS5,244,0.0488,1250,5.3,5.4,0,10.7,0,1,1,NA,"found with eggs as """"roommate)",2021,8-Oct,Salamander,NA,NA,NA,NA,NA,NA,12
GS50,1103,0.2206,HW1,4.8,5.2,0,10,1,0,0,28,recap of GS28,2021,11/16/21,Salamander,NA,NA,NA,NA,NA,NA,36
GS56,2679,0.5358,1251,3.2,3.4,0,6.6,0,0,0,NA,NA,2022,12-Oct,Salamander,NA,NA,NA,NA,NA,NA,25
GS57M,1871,0.3742,1477,3.6,3.7,0,7.3,0,0,0,NA,NA,2022,27-Oct,Salamander,NA,NA,NA,NA,NA,NA,38
GS58M,4052,0.8104,3688,3.3,1.9,0,5.2,0,0,0,NA,NA,2022,27-Oct,Salamander,NA,NA,NA,NA,NA,NA,23
GS6,192,0.0384,3688,5.3,5.9,0,11.2,0,1,0,NA,found with 5 adults and many babies,2021,9-Oct,Salamander,NA,NA,NA,NA,NA,NA,13
GS60M,2805,0.561,1292,3.6,3.7,0,7.3,0,0,0,NA,NA,2022,8-Nov,Salamander,NA,NA,NA,NA,NA,NA,49
GS61M,1857,0.3714,1292,2.7,2.8,0,5.5,0,0,0,NA,NA,2022,8-Nov,Salamander,NA,NA,NA,NA,NA,NA,42
GS62M,1505,0.301,TR2,NA,NA,0,NA,0,0,0,NA,NA,2022,8-Nov,Salamander,NA,NA,NA,NA,NA,NA,46
GS63M,1196,0.2392,TR2,4.9,5.1,0,10,0,0,0,NA,NA,2022,8-Nov,Salamander,NA,NA,NA,NA,NA,NA,42
GS64M,2208,0.4416,1477,4.6,6.1,0,10.7,0,0,0,NA,NA,2023,9/19/23 0:00,Salamander,NA,NA,NA,NA,NA,NA,30
GS67M,1240,0.248,TR2,5.2,5.1,0,10.3,0,1,1,NA,Yes with babies,2023,10/3/23 0:00,Salamander,NA,NA,NA,NA,NA,NA,22
GS7,2684,0.5368,DNR,5.5,6,0,11.5,0,0,0,NA,NA,2021,10-Oct,Salamander,NA,NA,NA,NA,NA,NA,57
GS71M,835,0.167,1477,4.3,0.4,1,4.7,0,0,0,NA,lost tail,2023,10-Oct,Salamander,NA,NA,NA,NA,NA,NA,50
GS73M,958,0.1916,1292,4.5,4.6,0,9.1,0,0,0,NA,No,2023,26:55.8,Salamander,NA,NA,NA,NA,NA,NA,27
GS74M,865,0.173,1292,4.7,5.2,0,9.9,0,0,0,NA,NA,2023,28:03.7,Salamander,NA,NA,NA,NA,NA,NA,33
GS75M,639,0.1278,TR2,5.3,4.7,0,10,0,0,0,NA,NA,2023,04:51.7,Salamander,NA,NA,NA,NA,NA,NA,40
GS76M,397,0.0794,TR2,4.4,4.2,0,8.6,0,0,0,NA,NA,2023,05:52.3,Salamander,NA,NA,NA,NA,NA,NA,20
GS77M,1421,0.2842,DNR,4.4,4.5,0,8.9,0,0,0,NA,No,2023,18:47.7,Salamander,NA,NA,NA,NA,NA,NA,33
GS78M,415,0.083,DNR,4.6,5.3,0,9.9,0,0,0,NA,No,2023,19:59.4,Salamander,NA,NA,NA,NA,NA,NA,13
GS79M,405,0.081,DNR,4.7,5,0,9.7,0,0,0,NA,NA,2023,20:54.9,Salamander,NA,NA,NA,NA,NA,NA,18
GS8,472,0.0944,1250,5,4.6,0,9.6,0,0,0,NA,"5 arms, had travelled between pops 1250 and 1251",2021,10-Oct,Salamander,NA,NA,NA,NA,NA,NA,27
GS80M,1792,0.3584,1250,5.2,5.2,0,10.4,0,1,1,NA,"Yes, GS80-85",2023,37:30.9,Salamander,NA,NA,NA,NA,NA,NA,31
GS81M,684,0.1368,1250,5,5.9,0,10.9,0,1,1,NA,"Yes, GS80-85",2023,38:54.7,Salamander,NA,NA,NA,NA,NA,NA,14
GS84M,461,0.0922,1250,4.4,3.9,0,8.3,0,1,1,NA,"Yes, GS80-85",2023,43:04.0,Salamander,NA,NA,NA,NA,NA,NA,17
GS85M,2691,0.5382,1250,4.7,4.5,0,9.2,0,1,1,NA,NA,2023,44:23.9,Salamander,NA,NA,NA,NA,NA,NA,28
GS87M,686,0.1372,TR2,4.5,5,0,9.5,0,1,0,NA,Yes with gray cheeked,2023,11/20/23 21:03,Salamander,NA,NA,NA,NA,NA,NA,48